<Anims>
 <anim name="grail_clean" root="grail" numframes="25" framerate="40">
  <frame idx="0" w="261" h="281" x="-23.842239" y="-89.320877">
   <element name="grail" layername="grail" frame="0" z_index="4" m_a="1.000000" m_b="0.000000" m_c="0.000000" m_d="1.000000" m_tx="-0.249000" m_ty="0.150000"/>
   <element name="shadow" layername="shadow" frame="0" z_index="5" m_a="1.000000" m_b="0.000000" m_c="0.000000" m_d="1.000000" m_tx="-1.349000" m_ty="0.750000"/>
  </frame>
 </anim>
 <anim name="grail_bloody" root="grail" numframes="300" framerate="40">
  <frame idx="0" w="261" h="284" x="-23.842239" y="-89.820877">
   <element name="blood" layername="blood" frame="0" z_index="3" m_a="1.000000" m_b="0.000000" m_c="0.000000" m_d="1.000000" m_tx="-1.908421" m_ty="-75.890083"/>
   <element name="grail" layername="grail" frame="1" z_index="4" m_a="1.000000" m_b="0.000000" m_c="0.000000" m_d="1.000000" m_tx="-0.249000" m_ty="0.150000"/>
   <element name="shadow" layername="shadow" frame="0" z_index="5" m_a="1.000000" m_b="0.000000" m_c="0.000000" m_d="1.000000" m_tx="-1.349000" m_ty="0.750000"/>
  </frame>
  <frame idx="25" w="261" h="282" x="-23.842239" y="-89.320877">
   <element name="blood" layername="blood" frame="0" z_index="3" m_a="1.000000" m_b="0.000000" m_c="0.000000" m_d="1.000000" m_tx="-2.448505" m_ty="-74.936974"/>
   <element name="grail" layername="grail" frame="1" z_index="4" m_a="1.000000" m_b="0.000000" m_c="0.000000" m_d="1.000000" m_tx="-0.249000" m_ty="0.150000"/>
   <element name="shadow" layername="shadow" frame="0" z_index="5" m_a="1.000000" m_b="0.000000" m_c="0.000000" m_d="1.000000" m_tx="-1.349000" m_ty="0.750000"/>
  </frame>
  <frame idx="50" w="261" h="284" x="-23.842239" y="-89.820877">
   <element name="blood" layername="blood" frame="1" z_index="3" m_a="1.000000" m_b="0.000000" m_c="0.000000" m_d="1.000000" m_tx="-2.074525" m_ty="-75.088829"/>
   <element name="grail" layername="grail" frame="1" z_index="4" m_a="1.000000" m_b="0.000000" m_c="0.000000" m_d="1.000000" m_tx="-0.249000" m_ty="0.150000"/>
   <element name="shadow" layername="shadow" frame="0" z_index="5" m_a="1.000000" m_b="0.000000" m_c="0.000000" m_d="1.000000" m_tx="-1.349000" m_ty="0.750000"/>
  </frame>
  <frame idx="75" w="261" h="284" x="-23.842239" y="-89.820877">
   <element name="blood" layername="blood" frame="2" z_index="3" m_a="1.000000" m_b="0.000000" m_c="0.000000" m_d="1.000000" m_tx="-1.542622" m_ty="-75.483536"/>
   <element name="grail" layername="grail" frame="1" z_index="4" m_a="1.000000" m_b="0.000000" m_c="0.000000" m_d="1.000000" m_tx="-0.249000" m_ty="0.150000"/>
   <element name="shadow" layername="shadow" frame="0" z_index="5" m_a="1.000000" m_b="0.000000" m_c="0.000000" m_d="1.000000" m_tx="-1.349000" m_ty="0.750000"/>
  </frame>
  <frame idx="100" w="261" h="284" x="-23.842239" y="-89.820877">
   <element name="blood" layername="blood" frame="3" z_index="3" m_a="1.000000" m_b="0.000000" m_c="0.000000" m_d="1.000000" m_tx="-1.767727" m_ty="-75.073486"/>
   <element name="grail" layername="grail" frame="1" z_index="4" m_a="1.000000" m_b="0.000000" m_c="0.000000" m_d="1.000000" m_tx="-0.249000" m_ty="0.150000"/>
   <element name="shadow" layername="shadow" frame="0" z_index="5" m_a="1.000000" m_b="0.000000" m_c="0.000000" m_d="1.000000" m_tx="-1.349000" m_ty="0.750000"/>
  </frame>
  <frame idx="125" w="261" h="284" x="-23.842239" y="-89.820877">
   <element name="blood" layername="blood" frame="3" z_index="3" m_a="1.000000" m_b="0.000000" m_c="0.000000" m_d="1.000000" m_tx="-1.335258" m_ty="-73.563919"/>
   <element name="grail" layername="grail" frame="1" z_index="4" m_a="1.000000" m_b="0.000000" m_c="0.000000" m_d="1.000000" m_tx="-0.249000" m_ty="0.150000"/>
   <element name="shadow" layername="shadow" frame="0" z_index="5" m_a="1.000000" m_b="0.000000" m_c="0.000000" m_d="1.000000" m_tx="-1.349000" m_ty="0.750000"/>
  </frame>
  <frame idx="150" w="261" h="284" x="-23.842239" y="-89.820877">
   <element name="blood" layername="blood" frame="4" z_index="3" m_a="1.000000" m_b="0.000000" m_c="0.000000" m_d="1.000000" m_tx="-0.894733" m_ty="-73.910149"/>
   <element name="grail" layername="grail" frame="1" z_index="4" m_a="1.000000" m_b="0.000000" m_c="0.000000" m_d="1.000000" m_tx="-0.249000" m_ty="0.150000"/>
   <element name="shadow" layername="shadow" frame="0" z_index="5" m_a="1.000000" m_b="0.000000" m_c="0.000000" m_d="1.000000" m_tx="-1.349000" m_ty="0.750000"/>
  </frame>
  <frame idx="175" w="261" h="285" x="-23.842239" y="-89.820877">
   <element name="blood" layername="blood" frame="5" z_index="3" m_a="1.000000" m_b="0.000000" m_c="0.000000" m_d="1.000000" m_tx="-0.309882" m_ty="-74.357887"/>
   <element name="grail" layername="grail" frame="1" z_index="4" m_a="1.000000" m_b="0.000000" m_c="0.000000" m_d="1.000000" m_tx="-0.249000" m_ty="0.150000"/>
   <element name="shadow" layername="shadow" frame="0" z_index="5" m_a="1.000000" m_b="0.000000" m_c="0.000000" m_d="1.000000" m_tx="-1.349000" m_ty="0.750000"/>
  </frame>
  <frame idx="200" w="261" h="284" x="-23.842239" y="-89.820877">
   <element name="blood" layername="blood" frame="6" z_index="3" m_a="1.000000" m_b="0.000000" m_c="0.000000" m_d="1.000000" m_tx="0.572029" m_ty="-72.803062"/>
   <element name="grail" layername="grail" frame="1" z_index="4" m_a="1.000000" m_b="0.000000" m_c="0.000000" m_d="1.000000" m_tx="-0.249000" m_ty="0.150000"/>
   <element name="shadow" layername="shadow" frame="0" z_index="5" m_a="1.000000" m_b="0.000000" m_c="0.000000" m_d="1.000000" m_tx="-1.349000" m_ty="0.750000"/>
  </frame>
  <frame idx="225" w="261" h="284" x="-23.842239" y="-89.820877">
   <element name="blood" layername="blood" frame="6" z_index="3" m_a="1.000000" m_b="0.000000" m_c="0.000000" m_d="1.000000" m_tx="0.355001" m_ty="-72.040977"/>
   <element name="grail" layername="grail" frame="1" z_index="4" m_a="1.000000" m_b="0.000000" m_c="0.000000" m_d="1.000000" m_tx="-0.249000" m_ty="0.150000"/>
   <element name="shadow" layername="shadow" frame="0" z_index="5" m_a="1.000000" m_b="0.000000" m_c="0.000000" m_d="1.000000" m_tx="-1.349000" m_ty="0.750000"/>
  </frame>
  <frame idx="250" w="261" h="285" x="-23.842239" y="-89.820877">
   <element name="blood" layername="blood" frame="7" z_index="3" m_a="1.000000" m_b="0.000000" m_c="0.000000" m_d="1.000000" m_tx="1.272756" m_ty="-74.119301"/>
   <element name="grail" layername="grail" frame="1" z_index="4" m_a="1.000000" m_b="0.000000" m_c="0.000000" m_d="1.000000" m_tx="-0.249000" m_ty="0.150000"/>
   <element name="shadow" layername="shadow" frame="0" z_index="5" m_a="1.000000" m_b="0.000000" m_c="0.000000" m_d="1.000000" m_tx="-1.349000" m_ty="0.750000"/>
  </frame>
  <frame idx="275" w="261" h="285" x="-23.842239" y="-89.820877">
   <element name="blood" layername="blood" frame="8" z_index="3" m_a="1.000000" m_b="0.000000" m_c="0.000000" m_d="1.000000" m_tx="2.259371" m_ty="-76.619011"/>
   <element name="grail" layername="grail" frame="1" z_index="4" m_a="1.000000" m_b="0.000000" m_c="0.000000" m_d="1.000000" m_tx="-0.249000" m_ty="0.150000"/>
   <element name="shadow" layername="shadow" frame="0" z_index="5" m_a="1.000000" m_b="0.000000" m_c="0.000000" m_d="1.000000" m_tx="-1.349000" m_ty="0.750000"/>
  </frame>
 </anim>
</Anims>
