<Anims>
 <anim name="idle" root="jaltercrusader" numframes="1000" framerate="40">
  <frame idx="0" w="160" h="448" x="-25.676167" y="-157.086609">
   <element name="jaltercrusader" layername="jaltercrusader" frame="0" z_index="1" m_a="0.661648" m_b="0.000000" m_c="0.000000" m_d="0.661648" m_tx="-20.239405" m_ty="3.189563"/>
  </frame>
  <frame idx="25" w="160" h="448" x="-25.676167" y="-157.086609">
   <element name="jaltercrusader" layername="jaltercrusader" frame="0" z_index="1" m_a="0.661648" m_b="0.000000" m_c="0.000000" m_d="0.661648" m_tx="-20.239405" m_ty="3.189563"/>
  </frame>
  <frame idx="50" w="160" h="448" x="-25.676167" y="-157.086609">
   <element name="jaltercrusader" layername="jaltercrusader" frame="0" z_index="1" m_a="0.661648" m_b="0.000000" m_c="0.000000" m_d="0.661648" m_tx="-20.239405" m_ty="3.189563"/>
  </frame>
  <frame idx="75" w="160" h="448" x="-25.676167" y="-157.086609">
   <element name="jaltercrusader" layername="jaltercrusader" frame="0" z_index="1" m_a="0.661648" m_b="0.000000" m_c="0.000000" m_d="0.661648" m_tx="-20.239405" m_ty="3.189563"/>
  </frame>
  <frame idx="100" w="160" h="448" x="-25.676167" y="-157.086609">
   <element name="jaltercrusader" layername="jaltercrusader" frame="0" z_index="1" m_a="0.661648" m_b="0.000000" m_c="0.000000" m_d="0.661648" m_tx="-20.239405" m_ty="3.189563"/>
  </frame>
  <frame idx="125" w="160" h="448" x="-25.676167" y="-157.086609">
   <element name="jaltercrusader" layername="jaltercrusader" frame="0" z_index="1" m_a="0.661648" m_b="0.000000" m_c="0.000000" m_d="0.661648" m_tx="-20.239405" m_ty="3.189563"/>
  </frame>
  <frame idx="150" w="160" h="448" x="-25.676167" y="-157.086609">
   <element name="jaltercrusader" layername="jaltercrusader" frame="0" z_index="1" m_a="0.661648" m_b="0.000000" m_c="0.000000" m_d="0.661648" m_tx="-20.239405" m_ty="3.189563"/>
  </frame>
  <frame idx="175" w="160" h="448" x="-25.676167" y="-157.086609">
   <element name="jaltercrusader" layername="jaltercrusader" frame="0" z_index="1" m_a="0.661648" m_b="0.000000" m_c="0.000000" m_d="0.661648" m_tx="-20.239405" m_ty="3.189563"/>
  </frame>
  <frame idx="200" w="160" h="448" x="-25.676167" y="-157.086609">
   <element name="jaltercrusader" layername="jaltercrusader" frame="0" z_index="1" m_a="0.661648" m_b="0.000000" m_c="0.000000" m_d="0.661648" m_tx="-20.239405" m_ty="3.189563"/>
  </frame>
  <frame idx="225" w="160" h="448" x="-25.676167" y="-157.086609">
   <element name="jaltercrusader" layername="jaltercrusader" frame="0" z_index="1" m_a="0.661648" m_b="0.000000" m_c="0.000000" m_d="0.661648" m_tx="-20.239405" m_ty="3.189563"/>
  </frame>
  <frame idx="250" w="160" h="448" x="-25.676167" y="-157.086609">
   <element name="jaltercrusader" layername="jaltercrusader" frame="0" z_index="1" m_a="0.661648" m_b="0.000000" m_c="0.000000" m_d="0.661648" m_tx="-20.239405" m_ty="3.189563"/>
  </frame>
  <frame idx="275" w="160" h="448" x="-25.676167" y="-157.086609">
   <element name="jaltercrusader" layername="jaltercrusader" frame="0" z_index="1" m_a="0.661648" m_b="0.000000" m_c="0.000000" m_d="0.661648" m_tx="-20.239405" m_ty="3.189563"/>
  </frame>
  <frame idx="300" w="160" h="448" x="-25.676167" y="-157.086609">
   <element name="jaltercrusader" layername="jaltercrusader" frame="0" z_index="1" m_a="0.661648" m_b="0.000000" m_c="0.000000" m_d="0.661648" m_tx="-20.239405" m_ty="3.189563"/>
  </frame>
  <frame idx="325" w="160" h="448" x="-25.676167" y="-157.086609">
   <element name="jaltercrusader" layername="jaltercrusader" frame="0" z_index="1" m_a="0.661648" m_b="0.000000" m_c="0.000000" m_d="0.661648" m_tx="-20.239405" m_ty="3.189563"/>
  </frame>
  <frame idx="350" w="160" h="448" x="-25.676167" y="-157.086609">
   <element name="jaltercrusader" layername="jaltercrusader" frame="0" z_index="1" m_a="0.661648" m_b="0.000000" m_c="0.000000" m_d="0.661648" m_tx="-20.239405" m_ty="3.189563"/>
  </frame>
  <frame idx="375" w="160" h="448" x="-25.676167" y="-157.086609">
   <element name="jaltercrusader" layername="jaltercrusader" frame="0" z_index="1" m_a="0.661648" m_b="0.000000" m_c="0.000000" m_d="0.661648" m_tx="-20.239405" m_ty="3.189563"/>
  </frame>
  <frame idx="400" w="160" h="448" x="-25.676167" y="-157.086609">
   <element name="jaltercrusader" layername="jaltercrusader" frame="0" z_index="1" m_a="0.661648" m_b="0.000000" m_c="0.000000" m_d="0.661648" m_tx="-20.239405" m_ty="3.189563"/>
  </frame>
  <frame idx="425" w="160" h="448" x="-25.676167" y="-157.086609">
   <element name="jaltercrusader" layername="jaltercrusader" frame="0" z_index="1" m_a="0.661648" m_b="0.000000" m_c="0.000000" m_d="0.661648" m_tx="-20.239405" m_ty="3.189563"/>
  </frame>
  <frame idx="450" w="160" h="448" x="-25.676167" y="-157.086609">
   <element name="jaltercrusader" layername="jaltercrusader" frame="0" z_index="1" m_a="0.661648" m_b="0.000000" m_c="0.000000" m_d="0.661648" m_tx="-20.239405" m_ty="3.189563"/>
  </frame>
  <frame idx="475" w="160" h="448" x="-25.676167" y="-157.086609">
   <element name="jaltercrusader" layername="jaltercrusader" frame="0" z_index="1" m_a="0.661648" m_b="0.000000" m_c="0.000000" m_d="0.661648" m_tx="-20.239405" m_ty="3.189563"/>
  </frame>
  <frame idx="500" w="160" h="448" x="-25.676167" y="-157.086609">
   <element name="jaltercrusader" layername="jaltercrusader" frame="0" z_index="1" m_a="0.661648" m_b="0.000000" m_c="0.000000" m_d="0.661648" m_tx="-20.239405" m_ty="3.189563"/>
  </frame>
  <frame idx="525" w="160" h="448" x="-25.676167" y="-157.086609">
   <element name="jaltercrusader" layername="jaltercrusader" frame="0" z_index="1" m_a="0.661648" m_b="0.000000" m_c="0.000000" m_d="0.661648" m_tx="-20.239405" m_ty="3.189563"/>
  </frame>
  <frame idx="550" w="160" h="448" x="-25.676167" y="-157.086609">
   <element name="jaltercrusader" layername="jaltercrusader" frame="0" z_index="1" m_a="0.661648" m_b="0.000000" m_c="0.000000" m_d="0.661648" m_tx="-20.239405" m_ty="3.189563"/>
  </frame>
  <frame idx="575" w="160" h="448" x="-25.676167" y="-157.086609">
   <element name="jaltercrusader" layername="jaltercrusader" frame="0" z_index="1" m_a="0.661648" m_b="0.000000" m_c="0.000000" m_d="0.661648" m_tx="-20.239405" m_ty="3.189563"/>
  </frame>
  <frame idx="600" w="160" h="448" x="-25.676167" y="-157.086609">
   <element name="jaltercrusader" layername="jaltercrusader" frame="0" z_index="1" m_a="0.661648" m_b="0.000000" m_c="0.000000" m_d="0.661648" m_tx="-20.239405" m_ty="3.189563"/>
  </frame>
  <frame idx="625" w="160" h="448" x="-25.676167" y="-157.086609">
   <element name="jaltercrusader" layername="jaltercrusader" frame="0" z_index="1" m_a="0.661648" m_b="0.000000" m_c="0.000000" m_d="0.661648" m_tx="-20.239405" m_ty="3.189563"/>
  </frame>
  <frame idx="650" w="160" h="448" x="-25.676167" y="-157.086609">
   <element name="jaltercrusader" layername="jaltercrusader" frame="0" z_index="1" m_a="0.661648" m_b="0.000000" m_c="0.000000" m_d="0.661648" m_tx="-20.239405" m_ty="3.189563"/>
  </frame>
  <frame idx="675" w="160" h="448" x="-25.676167" y="-157.086609">
   <element name="jaltercrusader" layername="jaltercrusader" frame="0" z_index="1" m_a="0.661648" m_b="0.000000" m_c="0.000000" m_d="0.661648" m_tx="-20.239405" m_ty="3.189563"/>
  </frame>
  <frame idx="700" w="160" h="448" x="-25.676167" y="-157.086609">
   <element name="jaltercrusader" layername="jaltercrusader" frame="0" z_index="1" m_a="0.661648" m_b="0.000000" m_c="0.000000" m_d="0.661648" m_tx="-20.239405" m_ty="3.189563"/>
  </frame>
  <frame idx="725" w="160" h="448" x="-25.676167" y="-157.086609">
   <element name="jaltercrusader" layername="jaltercrusader" frame="0" z_index="1" m_a="0.661648" m_b="0.000000" m_c="0.000000" m_d="0.661648" m_tx="-20.239405" m_ty="3.189563"/>
  </frame>
  <frame idx="750" w="160" h="448" x="-25.676167" y="-157.086609">
   <element name="jaltercrusader" layername="jaltercrusader" frame="0" z_index="1" m_a="0.661648" m_b="0.000000" m_c="0.000000" m_d="0.661648" m_tx="-20.239405" m_ty="3.189563"/>
  </frame>
  <frame idx="775" w="160" h="448" x="-25.676167" y="-157.086609">
   <element name="jaltercrusader" layername="jaltercrusader" frame="0" z_index="1" m_a="0.661648" m_b="0.000000" m_c="0.000000" m_d="0.661648" m_tx="-20.239405" m_ty="3.189563"/>
  </frame>
  <frame idx="800" w="160" h="448" x="-25.676167" y="-157.086609">
   <element name="jaltercrusader" layername="jaltercrusader" frame="0" z_index="1" m_a="0.661648" m_b="0.000000" m_c="0.000000" m_d="0.661648" m_tx="-20.239405" m_ty="3.189563"/>
  </frame>
  <frame idx="825" w="160" h="448" x="-25.676167" y="-157.086609">
   <element name="jaltercrusader" layername="jaltercrusader" frame="0" z_index="1" m_a="0.661648" m_b="0.000000" m_c="0.000000" m_d="0.661648" m_tx="-20.239405" m_ty="3.189563"/>
  </frame>
  <frame idx="850" w="160" h="448" x="-25.676167" y="-157.086609">
   <element name="jaltercrusader" layername="jaltercrusader" frame="0" z_index="1" m_a="0.661648" m_b="0.000000" m_c="0.000000" m_d="0.661648" m_tx="-20.239405" m_ty="3.189563"/>
  </frame>
  <frame idx="875" w="160" h="448" x="-25.676167" y="-157.086609">
   <element name="jaltercrusader" layername="jaltercrusader" frame="0" z_index="1" m_a="0.661648" m_b="0.000000" m_c="0.000000" m_d="0.661648" m_tx="-20.239405" m_ty="3.189563"/>
  </frame>
  <frame idx="900" w="160" h="448" x="-25.676167" y="-157.086609">
   <element name="jaltercrusader" layername="jaltercrusader" frame="0" z_index="1" m_a="0.661648" m_b="0.000000" m_c="0.000000" m_d="0.661648" m_tx="-20.239405" m_ty="3.189563"/>
  </frame>
  <frame idx="925" w="160" h="448" x="-25.676167" y="-157.086609">
   <element name="jaltercrusader" layername="jaltercrusader" frame="0" z_index="1" m_a="0.661648" m_b="0.000000" m_c="0.000000" m_d="0.661648" m_tx="-20.239405" m_ty="3.189563"/>
  </frame>
  <frame idx="950" w="160" h="448" x="-25.676167" y="-157.086609">
   <element name="jaltercrusader" layername="jaltercrusader" frame="0" z_index="1" m_a="0.661648" m_b="0.000000" m_c="0.000000" m_d="0.661648" m_tx="-20.239405" m_ty="3.189563"/>
  </frame>
  <frame idx="975" w="160" h="448" x="-25.676167" y="-157.086609">
   <element name="jaltercrusader" layername="jaltercrusader" frame="0" z_index="1" m_a="0.661648" m_b="0.000000" m_c="0.000000" m_d="0.661648" m_tx="-20.239405" m_ty="3.189563"/>
  </frame>
 </anim>
</Anims>
