<Anims>
 <anim name="BUILD" root="swap_jalterstandard" numframes="1000" framerate="40">
  <frame idx="0" w="14231" h="18690" x="-1054.727661" y="-5951.310059">
   <element name="jalterstandard" layername="jalterstandard" frame="0" z_index="1" m_a="11.858919" m_b="0.000000" m_c="0.000000" m_d="11.048953" m_tx="14.402589" m_ty="-489.618469"/>
  </frame>
  <frame idx="25" w="14231" h="18690" x="-1054.727661" y="-5951.310059">
   <element name="jalterstandard" layername="jalterstandard" frame="0" z_index="1" m_a="11.858919" m_b="0.000000" m_c="0.000000" m_d="11.048953" m_tx="14.402589" m_ty="-489.618469"/>
  </frame>
  <frame idx="50" w="14231" h="18690" x="-1054.727661" y="-5951.310059">
   <element name="jalterstandard" layername="jalterstandard" frame="0" z_index="1" m_a="11.858919" m_b="0.000000" m_c="0.000000" m_d="11.048953" m_tx="14.402589" m_ty="-489.618469"/>
  </frame>
  <frame idx="75" w="14231" h="18690" x="-1054.727661" y="-5951.310059">
   <element name="jalterstandard" layername="jalterstandard" frame="0" z_index="1" m_a="11.858919" m_b="0.000000" m_c="0.000000" m_d="11.048953" m_tx="14.402589" m_ty="-489.618469"/>
  </frame>
  <frame idx="100" w="14231" h="18690" x="-1054.727661" y="-5951.310059">
   <element name="jalterstandard" layername="jalterstandard" frame="0" z_index="1" m_a="11.858919" m_b="0.000000" m_c="0.000000" m_d="11.048953" m_tx="14.402589" m_ty="-489.618469"/>
  </frame>
  <frame idx="125" w="14231" h="18690" x="-1054.727661" y="-5951.310059">
   <element name="jalterstandard" layername="jalterstandard" frame="0" z_index="1" m_a="11.858919" m_b="0.000000" m_c="0.000000" m_d="11.048953" m_tx="14.402589" m_ty="-489.618469"/>
  </frame>
  <frame idx="150" w="14231" h="18690" x="-1054.727661" y="-5951.310059">
   <element name="jalterstandard" layername="jalterstandard" frame="0" z_index="1" m_a="11.858919" m_b="0.000000" m_c="0.000000" m_d="11.048953" m_tx="14.402589" m_ty="-489.618469"/>
  </frame>
  <frame idx="175" w="14231" h="18690" x="-1054.727661" y="-5951.310059">
   <element name="jalterstandard" layername="jalterstandard" frame="0" z_index="1" m_a="11.858919" m_b="0.000000" m_c="0.000000" m_d="11.048953" m_tx="14.402589" m_ty="-489.618469"/>
  </frame>
  <frame idx="200" w="14231" h="18690" x="-1054.727661" y="-5951.310059">
   <element name="jalterstandard" layername="jalterstandard" frame="0" z_index="1" m_a="11.858919" m_b="0.000000" m_c="0.000000" m_d="11.048953" m_tx="14.402589" m_ty="-489.618469"/>
  </frame>
  <frame idx="225" w="14231" h="18690" x="-1054.727661" y="-5951.310059">
   <element name="jalterstandard" layername="jalterstandard" frame="0" z_index="1" m_a="11.858919" m_b="0.000000" m_c="0.000000" m_d="11.048953" m_tx="14.402589" m_ty="-489.618469"/>
  </frame>
  <frame idx="250" w="14231" h="18690" x="-1054.727661" y="-5951.310059">
   <element name="jalterstandard" layername="jalterstandard" frame="0" z_index="1" m_a="11.858919" m_b="0.000000" m_c="0.000000" m_d="11.048953" m_tx="14.402589" m_ty="-489.618469"/>
  </frame>
  <frame idx="275" w="14231" h="18690" x="-1054.727661" y="-5951.310059">
   <element name="jalterstandard" layername="jalterstandard" frame="0" z_index="1" m_a="11.858919" m_b="0.000000" m_c="0.000000" m_d="11.048953" m_tx="14.402589" m_ty="-489.618469"/>
  </frame>
  <frame idx="300" w="14231" h="18690" x="-1054.727661" y="-5951.310059">
   <element name="jalterstandard" layername="jalterstandard" frame="0" z_index="1" m_a="11.858919" m_b="0.000000" m_c="0.000000" m_d="11.048953" m_tx="14.402589" m_ty="-489.618469"/>
  </frame>
  <frame idx="325" w="14231" h="18690" x="-1054.727661" y="-5951.310059">
   <element name="jalterstandard" layername="jalterstandard" frame="0" z_index="1" m_a="11.858919" m_b="0.000000" m_c="0.000000" m_d="11.048953" m_tx="14.402589" m_ty="-489.618469"/>
  </frame>
  <frame idx="350" w="14231" h="18690" x="-1054.727661" y="-5951.310059">
   <element name="jalterstandard" layername="jalterstandard" frame="0" z_index="1" m_a="11.858919" m_b="0.000000" m_c="0.000000" m_d="11.048953" m_tx="14.402589" m_ty="-489.618469"/>
  </frame>
  <frame idx="375" w="14231" h="18690" x="-1054.727661" y="-5951.310059">
   <element name="jalterstandard" layername="jalterstandard" frame="0" z_index="1" m_a="11.858919" m_b="0.000000" m_c="0.000000" m_d="11.048953" m_tx="14.402589" m_ty="-489.618469"/>
  </frame>
  <frame idx="400" w="14231" h="18690" x="-1054.727661" y="-5951.310059">
   <element name="jalterstandard" layername="jalterstandard" frame="0" z_index="1" m_a="11.858919" m_b="0.000000" m_c="0.000000" m_d="11.048953" m_tx="14.402589" m_ty="-489.618469"/>
  </frame>
  <frame idx="425" w="14231" h="18690" x="-1054.727661" y="-5951.310059">
   <element name="jalterstandard" layername="jalterstandard" frame="0" z_index="1" m_a="11.858919" m_b="0.000000" m_c="0.000000" m_d="11.048953" m_tx="14.402589" m_ty="-489.618469"/>
  </frame>
  <frame idx="450" w="14231" h="18690" x="-1054.727661" y="-5951.310059">
   <element name="jalterstandard" layername="jalterstandard" frame="0" z_index="1" m_a="11.858919" m_b="0.000000" m_c="0.000000" m_d="11.048953" m_tx="14.402589" m_ty="-489.618469"/>
  </frame>
  <frame idx="475" w="14231" h="18690" x="-1054.727661" y="-5951.310059">
   <element name="jalterstandard" layername="jalterstandard" frame="0" z_index="1" m_a="11.858919" m_b="0.000000" m_c="0.000000" m_d="11.048953" m_tx="14.402589" m_ty="-489.618469"/>
  </frame>
  <frame idx="500" w="14231" h="18690" x="-1054.727661" y="-5951.310059">
   <element name="jalterstandard" layername="jalterstandard" frame="0" z_index="1" m_a="11.858919" m_b="0.000000" m_c="0.000000" m_d="11.048953" m_tx="14.402589" m_ty="-489.618469"/>
  </frame>
  <frame idx="525" w="14231" h="18690" x="-1054.727661" y="-5951.310059">
   <element name="jalterstandard" layername="jalterstandard" frame="0" z_index="1" m_a="11.858919" m_b="0.000000" m_c="0.000000" m_d="11.048953" m_tx="14.402589" m_ty="-489.618469"/>
  </frame>
  <frame idx="550" w="14231" h="18690" x="-1054.727661" y="-5951.310059">
   <element name="jalterstandard" layername="jalterstandard" frame="0" z_index="1" m_a="11.858919" m_b="0.000000" m_c="0.000000" m_d="11.048953" m_tx="14.402589" m_ty="-489.618469"/>
  </frame>
  <frame idx="575" w="14231" h="18690" x="-1054.727661" y="-5951.310059">
   <element name="jalterstandard" layername="jalterstandard" frame="0" z_index="1" m_a="11.858919" m_b="0.000000" m_c="0.000000" m_d="11.048953" m_tx="14.402589" m_ty="-489.618469"/>
  </frame>
  <frame idx="600" w="14231" h="18690" x="-1054.727661" y="-5951.310059">
   <element name="jalterstandard" layername="jalterstandard" frame="0" z_index="1" m_a="11.858919" m_b="0.000000" m_c="0.000000" m_d="11.048953" m_tx="14.402589" m_ty="-489.618469"/>
  </frame>
  <frame idx="625" w="14231" h="18690" x="-1054.727661" y="-5951.310059">
   <element name="jalterstandard" layername="jalterstandard" frame="0" z_index="1" m_a="11.858919" m_b="0.000000" m_c="0.000000" m_d="11.048953" m_tx="14.402589" m_ty="-489.618469"/>
  </frame>
  <frame idx="650" w="14231" h="18690" x="-1054.727661" y="-5951.310059">
   <element name="jalterstandard" layername="jalterstandard" frame="0" z_index="1" m_a="11.858919" m_b="0.000000" m_c="0.000000" m_d="11.048953" m_tx="14.402589" m_ty="-489.618469"/>
  </frame>
  <frame idx="675" w="14231" h="18690" x="-1054.727661" y="-5951.310059">
   <element name="jalterstandard" layername="jalterstandard" frame="0" z_index="1" m_a="11.858919" m_b="0.000000" m_c="0.000000" m_d="11.048953" m_tx="14.402589" m_ty="-489.618469"/>
  </frame>
  <frame idx="700" w="14231" h="18690" x="-1054.727661" y="-5951.310059">
   <element name="jalterstandard" layername="jalterstandard" frame="0" z_index="1" m_a="11.858919" m_b="0.000000" m_c="0.000000" m_d="11.048953" m_tx="14.402589" m_ty="-489.618469"/>
  </frame>
  <frame idx="725" w="14231" h="18690" x="-1054.727661" y="-5951.310059">
   <element name="jalterstandard" layername="jalterstandard" frame="0" z_index="1" m_a="11.858919" m_b="0.000000" m_c="0.000000" m_d="11.048953" m_tx="14.402589" m_ty="-489.618469"/>
  </frame>
  <frame idx="750" w="14231" h="18690" x="-1054.727661" y="-5951.310059">
   <element name="jalterstandard" layername="jalterstandard" frame="0" z_index="1" m_a="11.858919" m_b="0.000000" m_c="0.000000" m_d="11.048953" m_tx="14.402589" m_ty="-489.618469"/>
  </frame>
  <frame idx="775" w="14231" h="18690" x="-1054.727661" y="-5951.310059">
   <element name="jalterstandard" layername="jalterstandard" frame="0" z_index="1" m_a="11.858919" m_b="0.000000" m_c="0.000000" m_d="11.048953" m_tx="14.402589" m_ty="-489.618469"/>
  </frame>
  <frame idx="800" w="14231" h="18690" x="-1054.727661" y="-5951.310059">
   <element name="jalterstandard" layername="jalterstandard" frame="0" z_index="1" m_a="11.858919" m_b="0.000000" m_c="0.000000" m_d="11.048953" m_tx="14.402589" m_ty="-489.618469"/>
  </frame>
  <frame idx="825" w="14231" h="18690" x="-1054.727661" y="-5951.310059">
   <element name="jalterstandard" layername="jalterstandard" frame="0" z_index="1" m_a="11.858919" m_b="0.000000" m_c="0.000000" m_d="11.048953" m_tx="14.402589" m_ty="-489.618469"/>
  </frame>
  <frame idx="850" w="14231" h="18690" x="-1054.727661" y="-5951.310059">
   <element name="jalterstandard" layername="jalterstandard" frame="0" z_index="1" m_a="11.858919" m_b="0.000000" m_c="0.000000" m_d="11.048953" m_tx="14.402589" m_ty="-489.618469"/>
  </frame>
  <frame idx="875" w="14231" h="18690" x="-1054.727661" y="-5951.310059">
   <element name="jalterstandard" layername="jalterstandard" frame="0" z_index="1" m_a="11.858919" m_b="0.000000" m_c="0.000000" m_d="11.048953" m_tx="14.402589" m_ty="-489.618469"/>
  </frame>
  <frame idx="900" w="14231" h="18690" x="-1054.727661" y="-5951.310059">
   <element name="jalterstandard" layername="jalterstandard" frame="0" z_index="1" m_a="11.858919" m_b="0.000000" m_c="0.000000" m_d="11.048953" m_tx="14.402589" m_ty="-489.618469"/>
  </frame>
  <frame idx="925" w="14231" h="18690" x="-1054.727661" y="-5951.310059">
   <element name="jalterstandard" layername="jalterstandard" frame="0" z_index="1" m_a="11.858919" m_b="0.000000" m_c="0.000000" m_d="11.048953" m_tx="14.402589" m_ty="-489.618469"/>
  </frame>
  <frame idx="950" w="14231" h="18690" x="-1054.727661" y="-5951.310059">
   <element name="jalterstandard" layername="jalterstandard" frame="0" z_index="1" m_a="11.858919" m_b="0.000000" m_c="0.000000" m_d="11.048953" m_tx="14.402589" m_ty="-489.618469"/>
  </frame>
  <frame idx="975" w="14231" h="18690" x="-1054.727661" y="-5951.310059">
   <element name="jalterstandard" layername="jalterstandard" frame="0" z_index="1" m_a="11.858919" m_b="0.000000" m_c="0.000000" m_d="11.048953" m_tx="14.402589" m_ty="-489.618469"/>
  </frame>
 </anim>
</Anims>
